Country,Year,NH3_kt,NMVOC_kt,NOx_kt,PM10_kt,PM2_5_kt,SOx_kt,Premature_deaths,Years_of_life_lost,Health_expenditure_per_capita_USD
Austria,2005,79.0,163.0,248.0,38.0,23.0,26.0,7012.0,74381.0,3720.02441406
Austria,2006,79.0,157.0,238.0,38.0,23.0,27.0,,,3899.90722656
Austria,2007,80.0,152.0,232.0,37.0,22.0,23.0,5304.0,57923.0,4484.81640625
Austria,2008,79.0,147.0,218.0,36.0,21.0,20.0,5795.0,62953.0,5080.83740234
Austria,2009,81.0,142.0,205.0,34.0,20.0,15.0,5742.0,63027.0,4939.75878906
Austria,2010,80.0,141.0,206.0,34.0,20.0,16.0,6632.0,73116.0,4815.26953125
Austria,2011,79.0,135.0,198.0,33.0,19.0,15.0,6589.0,73655.0,5191.92333984
Austria,2012,79.0,132.0,193.0,32.0,19.0,15.0,5292.0,56575.0,4983.67724609
Austria,2013,79.0,129.0,194.0,32.0,18.0,14.0,5766.0,61679.0,5251.96826172
Austria,2014,80.0,122.0,187.0,30.0,17.0,15.0,4205.0,46159.0,5418.47558594
Austria,2015,80.0,120.0,184.0,30.0,16.0,14.0,4825.0,49488.0,4649.59667969
Austria,2016,81.0,119.0,177.0,30.0,16.0,13.0,3910.0,41603.0,4758.89892578
Austria,2017,81.0,118.0,167.0,30.0,16.0,13.0,4183.0,42382.0,4999.86962891
Austria,2018,80.0,114.0,155.0,29.0,15.0,12.0,4979.0,50973.0,5394.55908203
Austria,2019,78.0,112.0,146.0,29.0,15.0,11.0,3693.0,37519.0,5313.19287109
Austria,2020,77.0,113.0,124.0,27.0,14.0,10.0,3151.0,29754.0,5569.84130859
Austria,2021,77.0,115.0,123.0,29.0,15.0,11.0,3183.0,31381.0,6554.14257813
Austria,2022,76.0,106.0,115.0,27.0,13.0,11.0,3332.0,31420.0,5897.97607422
Austria,2023,74.0,104.0,109.0,26.0,13.0,11.0,2607.0,25923.0,6267.93164063
Belgium,2005,79.0,202.0,332.0,51.0,35.0,140.0,9325.0,96921.0,3415.64599609
Belgium,2006,78.0,195.0,319.0,51.0,35.0,134.0,,,3547.06835938
Belgium,2007,77.0,185.0,308.0,48.0,33.0,123.0,7131.0,79036.0,4066.2121582
Belgium,2008,74.0,178.0,283.0,46.0,33.0,96.0,8580.0,93369.0,4656.04150391
Belgium,2009,74.0,165.0,252.0,41.0,29.0,74.0,9470.0,104828.0,4755.80859375
Belgium,2010,75.0,164.0,253.0,49.0,31.0,61.0,9770.0,107723.0,4626.02685547
Belgium,2011,73.0,152.0,235.0,37.0,25.0,53.0,9001.0,101086.0,4990.35595703
Belgium,2012,73.0,149.0,223.0,37.0,25.0,47.0,8055.0,85454.0,4763.93505859
Belgium,2013,72.0,145.0,213.0,38.0,26.0,43.0,8620.0,91699.0,5005.64990234
Belgium,2014,71.0,138.0,202.0,33.0,21.0,41.0,6190.0,68137.0,5110.17333984
Belgium,2015,71.0,137.0,203.0,34.0,22.0,41.0,6175.0,64567.0,4465.45556641
Belgium,2016,71.0,133.0,191.0,35.0,22.0,34.0,5736.0,61442.0,4569.640625
Belgium,2017,69.0,131.0,180.0,33.0,21.0,33.0,5648.0,59187.0,4827.59326172
Belgium,2018,69.0,129.0,173.0,33.0,19.0,32.0,5886.0,61184.0,5233.68261719
Belgium,2019,68.0,128.0,161.0,32.0,19.0,30.0,4513.0,47489.0,5087.45654297
Belgium,2020,67.0,132.0,142.0,30.0,17.0,24.0,3900.0,35275.0,5269.40625
Belgium,2021,66.0,131.0,144.0,32.0,19.0,24.0,4453.0,47947.0,5847.17333984
Belgium,2022,64.0,122.0,132.0,30.0,17.0,25.0,4104.0,40897.0,5487.59277344
Belgium,2023,63.0,122.0,123.0,30.0,17.0,22.0,2940.0,30394.0,5931.01464844
Bulgaria,2005,58.0,99.0,173.0,74.0,38.0,972.0,18327.0,192604.0,267.74139404
Bulgaria,2006,58.0,99.0,147.0,71.0,38.0,770.0,,,294.10891724
Bulgaria,2007,53.0,92.0,147.0,65.0,35.0,970.0,16105.0,167764.0,361.23498535
Bulgaria,2008,57.0,86.0,140.0,63.0,35.0,733.0,17459.0,184401.0,455.54058838
Bulgaria,2009,54.0,78.0,122.0,55.0,32.0,558.0,15199.0,164484.0,459.30020142
Bulgaria,2010,56.0,80.0,116.0,55.0,33.0,489.0,14699.0,152318.0,484.75228882
Bulgaria,2011,55.0,80.0,122.0,58.0,36.0,601.0,18332.0,193525.0,555.86419678
Bulgaria,2012,55.0,77.0,108.0,53.0,34.0,211.0,14873.0,153079.0,558.64794922
Bulgaria,2013,58.0,73.0,95.0,49.0,32.0,161.0,12700.0,135906.0,553.68725586
Bulgaria,2014,62.0,74.0,101.0,50.0,31.0,150.0,13100.0,137518.0,616.16296387
Bulgaria,2015,62.0,80.0,103.0,51.0,30.0,121.0,13729.0,139741.0,534.21466064
Bulgaria,2016,64.0,78.0,98.0,46.0,31.0,93.0,12329.0,130053.0,579.76715088
Bulgaria,2017,62.0,77.0,95.0,46.0,30.0,106.0,12339.0,126990.0,647.56402588
Bulgaria,2018,62.0,72.0,93.0,46.0,29.0,104.0,11374.0,118347.0,719.78033447
Bulgaria,2019,64.0,72.0,92.0,45.0,28.0,86.0,9365.0,97628.0,733.06878662
Bulgaria,2020,62.0,71.0,86.0,47.0,31.0,48.0,10004.0,96290.0,906.54833984
Bulgaria,2021,62.0,72.0,93.0,46.0,30.0,60.0,10374.0,91993.0,1109.10290527
Bulgaria,2022,63.0,73.0,95.0,40.0,26.0,69.0,8297.0,79374.0,1066.69189453
Bulgaria,2023,61.0,66.0,83.0,36.0,22.0,44.0,6728.0,72781.0,1257.87597656
Croatia,2005,43.0,112.0,85.0,57.0,43.0,59.0,6455.0,67989.0,726.6114502
Croatia,2006,41.0,112.0,85.0,53.0,40.0,55.0,,,815.39093018
Croatia,2007,41.0,108.0,88.0,53.0,38.0,60.0,5214.0,54814.0,1040.44995117
Croatia,2008,43.0,106.0,85.0,53.0,37.0,54.0,4812.0,52037.0,1258.09594727
Croatia,2009,34.0,91.0,76.0,52.0,37.0,56.0,5271.0,55772.0,1187.34326172
Croatia,2010,36.0,87.0,69.0,52.0,38.0,35.0,5289.0,56051.0,1126.81970215
Croatia,2011,36.0,83.0,66.0,51.0,36.0,29.0,5767.0,61416.0,1134.88916016
Croatia,2012,34.0,77.0,60.0,51.0,35.0,24.0,4186.0,43773.0,1034.02124023
Croatia,2013,29.0,73.0,59.0,50.0,34.0,17.0,4035.0,42486.0,894.07080078
Croatia,2014,28.0,65.0,55.0,42.0,30.0,14.0,3711.0,38884.0,915.2689209
Croatia,2015,30.0,65.0,56.0,42.0,32.0,16.0,4541.0,45004.0,803.41619873
Croatia,2016,28.0,66.0,55.0,43.0,31.0,15.0,4900.0,49936.0,851.92492676
Croatia,2017,31.0,65.0,55.0,38.0,29.0,13.0,4509.0,44561.0,919.22418213
Croatia,2018,30.0,64.0,52.0,41.0,28.0,10.0,4522.0,45360.0,1045.14904785
Croatia,2019,29.0,68.0,51.0,39.0,27.0,8.0,3349.0,34174.0,1063.54443359
Croatia,2020,29.0,63.0,46.0,44.0,28.0,6.0,3971.0,36987.0,1123.37963867
Croatia,2021,28.0,63.0,48.0,44.0,29.0,6.0,4034.0,35834.0,1423.52905273
Croatia,2022,24.0,54.0,47.0,35.0,25.0,6.0,3690.0,33130.0,1328.80371094
Croatia,2023,23.0,55.0,48.0,37.0,26.0,6.0,2886.0,28876.0,1548.33959961
Cyprus,2005,8.0,14.0,22.0,4.0,2.0,38.0,1141.0,11892.0,1366.01708984
Cyprus,2006,8.0,13.0,21.0,3.0,2.0,31.0,,,1474.02062988
Cyprus,2007,8.0,13.0,21.0,3.0,2.0,29.0,888.0,9367.0,1694.27185059
Cyprus,2008,8.0,12.0,20.0,3.0,2.0,22.0,958.0,10728.0,2155.24658203
Cyprus,2009,8.0,12.0,20.0,3.0,2.0,18.0,745.0,8402.0,2105.4777832
Cyprus,2010,8.0,12.0,19.0,3.0,2.0,22.0,778.0,8775.0,2045.2923584
Cyprus,2011,8.0,9.0,21.0,3.0,1.0,21.0,900.0,9426.0,2114.66894531
Cyprus,2012,7.0,9.0,21.0,2.0,1.0,16.0,1012.0,10388.0,1899.37255859
Cyprus,2013,7.0,10.0,15.0,2.0,1.0,13.0,569.0,6379.0,1923.03869629
Cyprus,2014,7.0,10.0,16.0,2.0,1.0,17.0,604.0,6578.0,1869.46398926
Cyprus,2015,7.0,10.0,14.0,2.0,1.0,13.0,689.0,6897.0,1570.54638672
Cyprus,2016,7.0,8.0,13.0,2.0,1.0,16.0,534.0,5719.0,1619.91918945
Cyprus,2017,7.0,9.0,13.0,2.0,1.0,16.0,613.0,6107.0,1742.67626953
Cyprus,2018,7.0,8.0,13.0,2.0,1.0,17.0,517.0,5591.0,1987.69470215
Cyprus,2019,7.0,8.0,14.0,2.0,1.0,16.0,571.0,5977.0,2059.45019531
Cyprus,2020,8.0,8.0,12.0,2.0,1.0,12.0,551.0,5871.0,2443.37207031
Cyprus,2021,8.0,8.0,12.0,2.0,1.0,10.0,599.0,6263.0,2947.81494141
Cyprus,2022,7.0,7.0,12.0,2.0,1.0,11.0,669.0,6387.0,2748.6159668
Cyprus,2023,7.0,7.0,12.0,2.0,1.0,10.0,612.0,6579.0,2899.36499023
Czechia,2005,79.0,373.0,286.0,93.0,74.0,208.0,13003.0,139222.0,852.65246582
Czechia,2006,78.0,377.0,280.0,94.0,75.0,207.0,,,942.11804199
Czechia,2007,78.0,365.0,282.0,91.0,72.0,212.0,8492.0,95924.0,1110.17663574
Czechia,2008,76.0,358.0,266.0,89.0,70.0,170.0,9014.0,102969.0,1449.33679199
Czechia,2009,72.0,361.0,250.0,90.0,73.0,169.0,10125.0,112804.0,1442.24279785
Czechia,2010,70.0,369.0,245.0,97.0,81.0,164.0,11746.0,132260.0,1509.44726563
Czechia,2011,72.0,362.0,235.0,96.0,81.0,168.0,11011.0,125061.0,1649.15905762
Czechia,2012,72.0,359.0,223.0,98.0,82.0,160.0,10068.0,112095.0,1509.77526855
Czechia,2013,76.0,362.0,211.0,99.0,84.0,145.0,10776.0,118756.0,1508.79907227
Czechia,2014,79.0,348.0,205.0,94.0,79.0,134.0,9676.0,108584.0,1512.59326172
Czechia,2015,86.0,353.0,199.0,96.0,81.0,130.0,9044.0,97109.0,1308.8013916
Czechia,2016,87.0,345.0,189.0,92.0,78.0,116.0,8433.0,93851.0,1374.9005127
Czechia,2017,86.0,341.0,183.0,90.0,76.0,110.0,9125.0,98311.0,1516.75012207
Czechia,2018,82.0,331.0,173.0,85.0,70.0,97.0,10142.0,109533.0,1750.81188965
Czechia,2019,79.0,313.0,162.0,78.0,63.0,79.0,6853.0,74556.0,1805.44030762
Czechia,2020,77.0,302.0,149.0,73.0,59.0,67.0,6809.0,65626.0,2106.28027344
Czechia,2021,76.0,301.0,154.0,73.0,59.0,60.0,8382.0,82350.0,2538.03344727
Czechia,2022,76.0,286.0,149.0,69.0,55.0,64.0,6826.0,70082.0,2431.08496094
Czechia,2023,72.0,245.0,134.0,56.0,43.0,48.0,4715.0,51363.0,2671.08398438
Denmark,2005,98.0,161.0,206.0,33.0,21.0,26.0,2935.0,31618.0,4436.07421875
Denmark,2006,95.0,156.0,206.0,33.0,22.0,31.0,,,4770.13720703
Denmark,2007,94.0,153.0,193.0,35.0,24.0,28.0,2714.0,29692.0,5453.83837891
Denmark,2008,93.0,149.0,177.0,38.0,23.0,21.0,2358.0,25913.0,6117.69677734
Denmark,2009,89.0,138.0,157.0,32.0,21.0,15.0,2293.0,24989.0,6208.48486328
Denmark,2010,90.0,136.0,152.0,32.0,21.0,15.0,2510.0,27540.0,6156.68554688
Denmark,2011,86.0,129.0,143.0,30.0,19.0,14.0,3318.0,36959.0,6426.39990234
Denmark,2012,85.0,124.0,132.0,29.0,18.0,13.0,1873.0,20972.0,6155.76367188
Denmark,2013,82.0,125.0,127.0,29.0,18.0,13.0,1726.0,18965.0,6320.08447266
Denmark,2014,83.0,116.0,117.0,28.0,17.0,11.0,2396.0,27078.0,6447.92382813
Denmark,2015,84.0,118.0,113.0,28.0,17.0,9.0,1817.0,19844.0,5508.53369141
Denmark,2016,85.0,113.0,113.0,27.0,17.0,9.0,1618.0,17863.0,5603.75830078
Denmark,2017,87.0,111.0,110.0,27.0,16.0,10.0,1351.0,14420.0,5817.42529297
Denmark,2018,85.0,110.0,105.0,26.0,15.0,10.0,2166.0,22602.0,6219.12988281
Denmark,2019,81.0,104.0,100.0,24.0,13.0,9.0,1700.0,18245.0,6049.93408203
Denmark,2020,83.0,107.0,92.0,23.0,12.0,9.0,1035.0,11025.0,6520.65771484
Denmark,2021,75.0,107.0,92.0,23.0,12.0,8.0,1252.0,12868.0,7429.99023438
Denmark,2022,73.0,101.0,87.0,22.0,11.0,8.0,1183.0,11974.0,6451.19433594
Denmark,2023,66.0,98.0,81.0,21.0,11.0,8.0,703.0,7333.0,6510.625
Estonia,2005,10.0,32.0,38.0,17.0,8.0,77.0,766.0,8535.0,549.63024902
Estonia,2006,10.0,32.0,37.0,14.0,8.0,70.0,,,627.18377686
Estonia,2007,11.0,28.0,40.0,22.0,11.0,88.0,605.0,6908.0,866.49945068
Estonia,2008,11.0,26.0,38.0,14.0,7.0,69.0,448.0,5077.0,1082.15478516
Estonia,2009,10.0,24.0,32.0,14.0,7.0,55.0,268.0,3045.0,1006.50708008
Estonia,2010,11.0,23.0,38.0,21.0,11.0,83.0,439.0,4913.0,966.19024658
Estonia,2011,11.0,23.0,37.0,34.0,16.0,72.0,344.0,4031.0,1061.1628418
Estonia,2012,11.0,24.0,34.0,15.0,8.0,43.0,313.0,3649.0,1058.71960449
Estonia,2013,11.0,25.0,34.0,20.0,10.0,42.0,297.0,3397.0,1194.86206055
Estonia,2014,11.0,24.0,32.0,17.0,8.0,44.0,382.0,4360.0,1287.76123047
Estonia,2015,12.0,23.0,28.0,14.0,7.0,36.0,208.0,2397.0,1156.20275879
Estonia,2016,11.0,22.0,28.0,12.0,6.0,35.0,128.0,1465.0,1226.0859375
Estonia,2017,11.0,23.0,29.0,13.0,7.0,39.0,74.0,821.0,1350.12646484
Estonia,2018,11.0,23.0,28.0,12.0,6.0,31.0,231.0,2532.0,1553.43347168
Estonia,2019,11.0,23.0,23.0,10.0,5.0,19.0,84.0,944.0,1599.3503418
Estonia,2020,10.0,23.0,21.0,10.0,5.0,11.0,61.0,675.0,1789.03417969
Estonia,2021,10.0,25.0,21.0,10.0,5.0,12.0,118.0,1152.0,2091.15649414
Estonia,2022,10.0,25.0,21.0,9.0,5.0,15.0,89.0,899.0,1998.74523926
Estonia,2023,10.0,23.0,19.0,9.0,5.0,11.0,46.0,501.0,2258.4597168
Finland,2005,41.0,147.0,208.0,42.0,26.0,70.0,1198.0,14019.0,3236.85839844
Finland,2006,40.0,141.0,224.0,43.0,26.0,83.0,,,3414.94140625
Finland,2007,40.0,137.0,211.0,41.0,25.0,81.0,1205.0,13789.0,3918.64453125
Finland,2008,39.0,121.0,194.0,39.0,23.0,67.0,806.0,9323.0,4486.33789063
Finland,2009,38.0,113.0,176.0,37.0,22.0,59.0,613.0,7015.0,4349.89501953
Finland,2010,39.0,113.0,187.0,39.0,23.0,66.0,993.0,11140.0,4251.52880859
Finland,2011,38.0,105.0,171.0,36.0,21.0,60.0,935.0,10458.0,4717.5078125
Finland,2012,38.0,102.0,161.0,35.0,20.0,50.0,764.0,8378.0,4573.19726563
Finland,2013,38.0,99.0,159.0,34.0,20.0,48.0,363.0,4016.0,4892.03369141
Finland,2014,38.0,96.0,151.0,34.0,19.0,44.0,853.0,9242.0,4922.4296875
Finland,2015,38.0,91.0,139.0,31.0,18.0,41.0,212.0,2261.0,4128.20751953
Finland,2016,36.0,92.0,135.0,32.0,18.0,40.0,235.0,2472.0,4108.73974609
Finland,2017,36.0,90.0,131.0,31.0,18.0,35.0,104.0,1107.0,4235.75488281
Finland,2018,35.0,87.0,128.0,31.0,18.0,33.0,470.0,4877.0,4521.27636719
Finland,2019,35.0,86.0,120.0,30.0,16.0,30.0,175.0,1863.0,4459.9296875
Finland,2020,34.0,86.0,105.0,27.0,14.0,23.0,68.0,716.0,4736.21435547
Finland,2021,33.0,85.0,104.0,28.0,15.0,23.0,168.0,1712.0,5261.90966797
Finland,2022,30.0,77.0,97.0,27.0,14.0,22.0,70.0,665.0,4902.0390625
Finland,2023,30.0,73.0,90.0,26.0,13.0,21.0,34.0,339.0,5515.40478516
France,2005,673.0,1749.0,1588.0,441.0,341.0,461.0,38442.0,442658.0,3575.02514648
France,2006,657.0,1687.0,1499.0,412.0,315.0,427.0,,,3811.55175781
France,2007,654.0,1566.0,1429.0,391.0,297.0,405.0,32670.0,397566.0,4312.31054688
France,2008,669.0,1499.0,1354.0,390.0,298.0,349.0,34622.0,418766.0,4807.37451172
France,2009,656.0,1444.0,1282.0,378.0,291.0,295.0,39279.0,476347.0,4737.578125
France,2010,634.0,1478.0,1237.0,396.0,308.0,273.0,40201.0,490404.0,4593.66308594
France,2011,646.0,1371.0,1181.0,347.0,259.0,226.0,39600.0,491597.0,4936.95605469
France,2012,640.0,1346.0,1159.0,364.0,276.0,225.0,36229.0,425136.0,4659.92431641
France,2013,624.0,1350.0,1134.0,371.0,284.0,208.0,35166.0,416788.0,4884.71582031
France,2014,636.0,1288.0,1053.0,323.0,239.0,159.0,22273.0,270263.0,5007.29736328
France,2015,638.0,1257.0,1027.0,325.0,240.0,152.0,27829.0,317096.0,4226.62646484
France,2016,637.0,1246.0,978.0,327.0,242.0,133.0,23960.0,275960.0,4289.34716797
France,2017,637.0,1235.0,939.0,315.0,228.0,128.0,22577.0,253738.0,4436.63720703
France,2018,635.0,1193.0,884.0,300.0,214.0,122.0,22555.0,255765.0,4692.99511719
France,2019,612.0,1160.0,825.0,295.0,209.0,100.0,18415.0,207298.0,4519.98583984
France,2020,589.0,1115.0,720.0,258.0,179.0,86.0,16184.0,167038.0,4760.08251953
France,2021,573.0,1089.0,753.0,280.0,196.0,93.0,19465.0,210809.0,5364.89746094
France,2022,550.0,1099.0,713.0,254.0,171.0,85.0,20281.0,210055.0,4857.73388672
France,2023,547.0,1046.0,654.0,239.0,160.0,78.0,14737.0,160867.0,5149.0546875
Germany,2005,714.0,1497.0,1602.0,240.0,131.0,472.0,66307.0,729348.0,3544.56616211
Germany,2006,708.0,1503.0,1673.0,241.0,132.0,471.0,,,3681.3659668
Germany,2007,719.0,1433.0,1595.0,231.0,125.0,446.0,48409.0,546375.0,4162.6875
Germany,2008,721.0,1374.0,1571.0,228.0,122.0,444.0,54143.0,604432.0,4647.31005859
Germany,2009,721.0,1252.0,1450.0,211.0,110.0,389.0,63072.0,701537.0,4655.171875
Germany,2010,722.0,1380.0,1461.0,223.0,116.0,397.0,68241.0,763597.0,4592.07128906
Germany,2011,724.0,1285.0,1439.0,222.0,111.0,374.0,63895.0,702715.0,5016.23583984
Germany,2012,731.0,1269.0,1441.0,219.0,109.0,371.0,51122.0,550453.0,4744.87011719
Germany,2013,735.0,1222.0,1440.0,220.0,108.0,361.0,57796.0,611318.0,5080.62402344
Germany,2014,746.0,1178.0,1394.0,212.0,100.0,337.0,51416.0,562508.0,5287.34423828
Germany,2015,745.0,1152.0,1381.0,210.0,99.0,341.0,49415.0,514565.0,4605.59033203
Germany,2016,739.0,1144.0,1341.0,195.0,93.0,316.0,43777.0,466534.0,4723.32421875
Germany,2017,717.0,1145.0,1278.0,198.0,92.0,307.0,44879.0,462595.0,5039.35302734
Germany,2018,683.0,1099.0,1207.0,205.0,92.0,294.0,49085.0,498218.0,5473.55712891
Germany,2019,660.0,1071.0,1116.0,191.0,87.0,258.0,34227.0,354971.0,5447.31787109
Germany,2020,611.0,1038.0,983.0,179.0,79.0,239.0,28760.0,288141.0,5906.80615234
Germany,2021,593.0,1058.0,964.0,180.0,81.0,249.0,32028.0,323397.0,6653.58349609
Germany,2022,577.0,1051.0,927.0,182.0,82.0,246.0,32331.0,310744.0,6226.14208984
Germany,2023,569.0,975.0,845.0,182.0,77.0,217.0,21632.0,216539.0,6394.62255859
Greece,2005,80.0,337.0,484.0,122.0,67.0,585.0,14945.0,162906.0,1935.26757813
Greece,2006,78.0,314.0,476.0,125.0,66.0,544.0,,,2052.87548828
Greece,2007,78.0,290.0,474.0,121.0,66.0,529.0,12215.0,129898.0,2426.75952148
Greece,2008,75.0,263.0,448.0,128.0,63.0,456.0,12709.0,137354.0,2840.50854492
Greece,2009,70.0,251.0,428.0,117.0,60.0,400.0,13132.0,142335.0,2809.05957031
Greece,2010,76.0,218.0,366.0,88.0,46.0,233.0,11647.0,124658.0,2564.36987305
Greece,2011,75.0,203.0,326.0,76.0,47.0,160.0,12329.0,132373.0,2338.91577148
Greece,2012,73.0,195.0,288.0,74.0,48.0,143.0,11859.0,123509.0,1948.24816895
Greece,2013,72.0,178.0,275.0,70.0,43.0,122.0,10964.0,119822.0,1832.02954102
Greece,2014,69.0,174.0,271.0,74.0,44.0,104.0,9329.0,99989.0,1700.4942627
Greece,2015,68.0,167.0,262.0,67.0,42.0,102.0,12123.0,122387.0,1481.41967773
Greece,2016,68.0,158.0,264.0,67.0,39.0,81.0,11681.0,123034.0,1513.25939941
Greece,2017,67.0,154.0,269.0,65.0,39.0,90.0,19570.0,193354.0,1509.78442383
Greece,2018,66.0,149.0,261.0,58.0,37.0,86.0,10779.0,110847.0,1603.07788086
Greece,2019,66.0,148.0,253.0,58.0,36.0,80.0,9327.0,92042.0,1569.02844238
Greece,2020,69.0,141.0,225.0,57.0,34.0,49.0,8632.0,83372.0,1674.78417969
Greece,2021,68.0,140.0,223.0,57.0,35.0,47.0,10836.0,101033.0,1846.37304688
Greece,2022,64.0,138.0,233.0,60.0,36.0,44.0,10407.0,91208.0,1768.11071777
Greece,2023,66.0,137.0,218.0,63.0,37.0,38.0,10247.0,97854.0,1962.59594727
Hungary,2005,87.0,183.0,179.0,72.0,41.0,42.0,17977.0,206552.0,895.20330811
Hungary,2006,87.0,170.0,172.0,64.0,41.0,38.0,,,893.20300293
Hungary,2007,89.0,155.0,168.0,61.0,41.0,36.0,12979.0,153926.0,1003.25805664
Hungary,2008,81.0,146.0,162.0,64.0,37.0,36.0,12890.0,153994.0,1117.20227051
Hungary,2009,76.0,147.0,151.0,75.0,47.0,30.0,13456.0,160160.0,943.68774414
Hungary,2010,77.0,142.0,148.0,71.0,51.0,30.0,13661.0,159135.0,983.11083984
Hungary,2011,78.0,146.0,138.0,74.0,57.0,34.0,16296.0,191379.0,1063.43237305
Hungary,2012,77.0,146.0,132.0,73.0,59.0,30.0,12452.0,140341.0,961.1383667
Hungary,2013,80.0,143.0,128.0,77.0,59.0,29.0,11553.0,130331.0,991.98742676
Hungary,2014,81.0,133.0,126.0,71.0,49.0,26.0,10758.0,123020.0,1008.92950439
Hungary,2015,86.0,135.0,128.0,72.0,51.0,24.0,13028.0,142931.0,874.04138184
Hungary,2016,88.0,134.0,120.0,69.0,50.0,23.0,11220.0,127038.0,918.94506836
Hungary,2017,90.0,131.0,122.0,65.0,48.0,28.0,12540.0,137500.0,990.90808105
Hungary,2018,90.0,125.0,121.0,59.0,41.0,23.0,12122.0,133132.0,1087.64611816
Hungary,2019,89.0,123.0,115.0,58.0,38.0,18.0,8624.0,95295.0,1062.15869141
Hungary,2020,91.0,122.0,108.0,53.0,37.0,17.0,9476.0,97294.0,1182.54138184
Hungary,2021,91.0,121.0,110.0,53.0,38.0,14.0,10310.0,105464.0,1392.97460938
Hungary,2022,81.0,117.0,101.0,50.0,36.0,14.0,8502.0,89308.0,1228.00231934
Hungary,2023,72.0,114.0,91.0,46.0,33.0,11.0,6766.0,72678.0,1419.87475586
Iceland,2005,5.0,6.0,23.0,3.0,1.0,40.0,29.0,328.0,5079.68945313
Iceland,2006,5.0,7.0,22.0,3.0,2.0,39.0,,,4918.23339844
Iceland,2007,5.0,7.0,24.0,4.0,2.0,58.0,23.0,271.0,5803.81152344
Iceland,2008,5.0,6.0,22.0,4.0,2.0,74.0,43.0,473.0,4749.68408203
Iceland,2009,5.0,6.0,22.0,4.0,2.0,69.0,19.0,211.0,3622.97827148
Iceland,2010,5.0,5.0,20.0,4.0,2.0,74.0,32.0,342.0,3614.03833008
Iceland,2011,5.0,5.0,18.0,3.0,1.0,82.0,3.0,37.0,3937.31591797
Iceland,2012,5.0,5.0,18.0,3.0,2.0,85.0,0.0,0.0,3784.38378906
Iceland,2013,5.0,5.0,18.0,3.0,1.0,70.0,22.0,234.0,4095.67626953
Iceland,2014,5.0,5.0,17.0,2.0,1.0,64.0,22.0,259.0,4522.90576172
Iceland,2015,5.0,5.0,18.0,2.0,1.0,58.0,19.0,210.0,4303.84179688
Iceland,2016,5.0,5.0,16.0,3.0,1.0,49.0,10.0,111.0,5053.51757813
Iceland,2017,5.0,5.0,17.0,2.0,1.0,47.0,13.0,140.0,5992.05322266
Iceland,2018,5.0,5.0,17.0,2.0,1.0,52.0,7.0,86.0,6280.03857422
Iceland,2019,5.0,5.0,15.0,2.0,1.0,56.0,2.0,24.0,5912.00976563
Iceland,2020,5.0,4.0,14.0,2.0,1.0,51.0,0.0,4.0,5692.89111328
Iceland,2021,5.0,5.0,15.0,2.0,1.0,46.0,1.0,14.0,6722.421875
Iceland,2022,5.0,5.0,14.0,2.0,1.0,51.0,0.0,0.0,6851.62939453
Iceland,2023,5.0,5.0,14.0,2.0,1.0,46.0,0.0,0.0,7064.62402344
Ireland,2005,124.0,124.0,174.0,36.0,19.0,74.0,646.0,7231.0,3938.19116211
Ireland,2006,121.0,121.0,169.0,36.0,19.0,62.0,,,4147.1328125
Ireland,2007,119.0,122.0,165.0,36.0,18.0,56.0,325.0,3731.0,4858.64501953
Ireland,2008,118.0,120.0,150.0,33.0,18.0,47.0,830.0,8964.0,5638.77929688
Ireland,2009,119.0,118.0,126.0,31.0,17.0,33.0,737.0,8717.0,5502.88769531
Ireland,2010,119.0,115.0,119.0,29.0,16.0,27.0,1002.0,11528.0,5133.45507813
Ireland,2011,115.0,112.0,107.0,22.0,14.0,25.0,762.0,8768.0,5538.00195313
Ireland,2012,115.0,112.0,108.0,23.0,14.0,24.0,635.0,7085.0,5187.27197266
Ireland,2013,115.0,113.0,110.0,23.0,14.0,24.0,872.0,9732.0,5295.52050781
Ireland,2014,118.0,111.0,109.0,23.0,14.0,18.0,806.0,9255.0,5309.90380859
Ireland,2015,121.0,112.0,112.0,23.0,14.0,17.0,390.0,4342.0,4575.84912109
Ireland,2016,126.0,114.0,112.0,24.0,14.0,16.0,459.0,5137.0,4746.93701172
Ireland,2017,129.0,117.0,109.0,23.0,13.0,15.0,273.0,3121.0,5023.51123047
Ireland,2018,130.0,116.0,110.0,23.0,13.0,14.0,620.0,7262.0,5494.98632813
Ireland,2019,128.0,116.0,102.0,23.0,12.0,11.0,588.0,6974.0,5454.31152344
Ireland,2020,125.0,114.0,94.0,22.0,12.0,11.0,477.0,5447.0,6073.10546875
Ireland,2021,123.0,113.0,97.0,21.0,12.0,13.0,475.0,5382.0,6754.07519531
Ireland,2022,121.0,112.0,93.0,19.0,11.0,9.0,517.0,5918.0,6407.92333984
Ireland,2023,116.0,107.0,86.0,18.0,9.0,7.0,316.0,3613.0,6877.9375
Italy,2005,482.0,1374.0,1302.0,280.0,182.0,411.0,70921.0,713324.0,2669.72802734
Italy,2006,479.0,1335.0,1237.0,271.0,187.0,389.0,,,2821.77392578
Italy,2007,478.0,1319.0,1174.0,327.0,215.0,348.0,59214.0,608057.0,3077.41381836
Italy,2008,460.0,1297.0,1057.0,311.0,225.0,294.0,57597.0,583624.0,3483.39086914
Italy,2009,440.0,1217.0,962.0,289.0,209.0,243.0,57271.0,581733.0,3314.15844727
Italy,2010,427.0,1154.0,961.0,300.0,206.0,222.0,50490.0,518176.0,3190.72045898
Italy,2011,425.0,1064.0,903.0,261.0,160.0,202.0,64066.0,660297.0,3358.95654297
Italy,2012,443.0,1073.0,856.0,244.0,183.0,181.0,58189.0,580434.0,3071.00048828
Italy,2013,420.0,1041.0,786.0,238.0,176.0,150.0,52820.0,550389.0,3139.87939453
Italy,2014,406.0,971.0,768.0,214.0,158.0,134.0,44076.0,461576.0,3190.46777344
Italy,2015,407.0,948.0,727.0,230.0,165.0,127.0,59184.0,571688.0,2707.43310547
Italy,2016,427.0,907.0,708.0,215.0,158.0,123.0,48363.0,491593.0,2735.27783203
Italy,2017,407.0,939.0,667.0,226.0,166.0,119.0,53642.0,514186.0,2851.28686523
Italy,2018,390.0,912.0,668.0,228.0,150.0,113.0,46173.0,456723.0,3031.46459961
Italy,2019,384.0,908.0,650.0,205.0,147.0,112.0,42105.0,409724.0,2908.83154297
Italy,2020,400.0,893.0,585.0,199.0,139.0,85.0,51489.0,447142.0,3058.90014648
Italy,2021,388.0,901.0,596.0,213.0,151.0,79.0,43541.0,406897.0,3414.57299805
Italy,2022,348.0,849.0,590.0,201.0,143.0,87.0,50997.0,447182.0,3154.57104492
Italy,2023,382.0,871.0,557.0,198.0,139.0,72.0,43081.0,407947.0,3283.47216797
Latvia,2005,13.0,49.0,47.0,34.0,27.0,9.0,2638.0,29470.0,440.8097229
Latvia,2006,13.0,49.0,48.0,33.0,26.0,8.0,,,552.30163574
Latvia,2007,13.0,48.0,49.0,34.0,26.0,8.0,1561.0,17419.0,775.19146729
Latvia,2008,13.0,43.0,44.0,33.0,25.0,7.0,2414.0,27425.0,913.52148438
Latvia,2009,13.0,42.0,41.0,32.0,26.0,7.0,1675.0,19210.0,744.66162109
Latvia,2010,13.0,39.0,42.0,27.0,20.0,4.0,1967.0,22092.0,689.07720947
Latvia,2011,13.0,38.0,40.0,28.0,21.0,4.0,1367.0,15855.0,764.59179688
Latvia,2012,14.0,39.0,40.0,29.0,21.0,4.0,1437.0,15856.0,745.51745605
Latvia,2013,14.0,37.0,39.0,26.0,19.0,4.0,1453.0,16606.0,807.13000488
Latvia,2014,15.0,37.0,39.0,26.0,18.0,4.0,1657.0,18708.0,856.76654053
Latvia,2015,14.0,35.0,38.0,24.0,15.0,4.0,1238.0,13862.0,775.86431885
Latvia,2016,15.0,33.0,37.0,24.0,15.0,3.0,1217.0,13330.0,874.79772949
Latvia,2017,15.0,34.0,37.0,25.0,17.0,4.0,911.0,9861.0,932.50158691
Latvia,2018,14.0,38.0,38.0,25.0,17.0,4.0,1446.0,15693.0,1101.49243164
Latvia,2019,14.0,35.0,37.0,24.0,17.0,4.0,997.0,10797.0,1183.1151123
Latvia,2020,14.0,34.0,34.0,23.0,15.0,4.0,770.0,7991.0,1313.35412598
Latvia,2021,14.0,36.0,34.0,25.0,16.0,4.0,1384.0,13357.0,1897.95275879
Latvia,2022,13.0,32.0,33.0,24.0,15.0,4.0,804.0,8221.0,1642.47131348
Latvia,2023,13.0,34.0,32.0,22.0,14.0,4.0,577.0,6315.0,1645.4152832
Liechtenstein,2005,0.0,1.0,0.0,0.0,0.0,0.0,26.0,283.0,
Liechtenstein,2006,0.0,0.0,0.0,0.0,0.0,0.0,,,
Liechtenstein,2007,0.0,0.0,0.0,0.0,0.0,0.0,20.0,199.0,
Liechtenstein,2008,0.0,0.0,0.0,0.0,0.0,0.0,21.0,224.0,
Liechtenstein,2009,0.0,0.0,0.0,0.0,0.0,0.0,17.0,186.0,
Liechtenstein,2010,0.0,0.0,0.0,0.0,0.0,0.0,21.0,231.0,
Liechtenstein,2011,0.0,0.0,0.0,0.0,0.0,0.0,19.0,205.0,
Liechtenstein,2012,0.0,0.0,0.0,0.0,0.0,0.0,9.0,106.0,
Liechtenstein,2013,0.0,0.0,0.0,0.0,0.0,0.0,12.0,128.0,9956.29785156
Liechtenstein,2014,0.0,0.0,0.0,0.0,0.0,0.0,8.0,75.0,10096.85351563
Liechtenstein,2015,0.0,0.0,0.0,0.0,0.0,0.0,12.0,126.0,9639.75195313
Liechtenstein,2016,0.0,0.0,0.0,0.0,0.0,0.0,10.0,116.0,9703.75878906
Liechtenstein,2017,0.0,0.0,0.0,0.0,0.0,0.0,8.0,102.0,9715.07519531
Liechtenstein,2018,0.0,0.0,0.0,0.0,0.0,0.0,8.0,74.0,9736.24316406
Liechtenstein,2019,0.0,0.0,0.0,0.0,0.0,0.0,6.0,65.0,9686.88378906
Liechtenstein,2020,0.0,0.0,0.0,0.0,0.0,0.0,7.0,60.0,10004.52832031
Liechtenstein,2021,0.0,0.0,0.0,0.0,0.0,0.0,6.0,67.0,10912.36132813
Liechtenstein,2022,0.0,0.0,0.0,0.0,0.0,0.0,7.0,78.0,10591.59277344
Liechtenstein,2023,0.0,0.0,0.0,0.0,0.0,0.0,5.0,71.0,11494.95898438
Lithuania,2005,37.0,66.0,63.0,33.0,18.0,27.0,3162.0,36786.0,438.93267822
Lithuania,2006,37.0,65.0,64.0,26.0,17.0,25.0,,,536.05737305
Lithuania,2007,38.0,64.0,64.0,27.0,17.0,21.0,2528.0,30042.0,704.29315186
Lithuania,2008,36.0,63.0,63.0,26.0,17.0,19.0,3016.0,35853.0,936.50933838
Lithuania,2009,38.0,58.0,54.0,24.0,16.0,18.0,2089.0,24316.0,864.73638916
Lithuania,2010,37.0,57.0,57.0,26.0,16.0,18.0,3019.0,34431.0,805.2244873
Lithuania,2011,36.0,55.0,56.0,28.0,16.0,19.0,2473.0,28869.0,925.47161865
Lithuania,2012,36.0,56.0,56.0,25.0,16.0,17.0,2215.0,25327.0,896.93707275
Lithuania,2013,36.0,55.0,53.0,22.0,15.0,14.0,2350.0,26349.0,958.04650879
Lithuania,2014,39.0,54.0,56.0,25.0,15.0,13.0,2713.0,30507.0,1019.7121582
Lithuania,2015,39.0,56.0,58.0,24.0,19.0,15.0,2074.0,22394.0,918.50750732
Lithuania,2016,38.0,55.0,57.0,25.0,14.0,15.0,1973.0,21467.0,986.13311768
Lithuania,2017,38.0,55.0,56.0,21.0,14.0,13.0,1469.0,15430.0,1073.95800781
Lithuania,2018,37.0,55.0,57.0,25.0,14.0,13.0,2047.0,21726.0,1241.38574219
Lithuania,2019,38.0,55.0,56.0,20.0,12.0,12.0,1814.0,19931.0,1361.20288086
Lithuania,2020,39.0,52.0,53.0,20.0,11.0,11.0,1372.0,13789.0,1511.79626465
Lithuania,2021,38.0,54.0,52.0,20.0,12.0,11.0,2114.0,20377.0,1844.33154297
Lithuania,2022,35.0,52.0,47.0,20.0,11.0,11.0,1435.0,14169.0,1831.27734375
Lithuania,2023,34.0,52.0,45.0,17.0,9.0,9.0,814.0,9116.0,2044.18371582
Luxembourg,2005,6.0,15.0,57.0,3.0,3.0,3.0,260.0,2953.0,5818.14599609
Luxembourg,2006,6.0,13.0,51.0,3.0,2.0,3.0,,,6070.73583984
Luxembourg,2007,6.0,12.0,46.0,3.0,2.0,2.0,205.0,2257.0,6671.26513672
Luxembourg,2008,6.0,14.0,43.0,3.0,2.0,2.0,233.0,2658.0,7578.74951172
Luxembourg,2009,6.0,13.0,38.0,3.0,2.0,2.0,277.0,3253.0,7670.59375
Luxembourg,2010,6.0,12.0,39.0,3.0,2.0,2.0,275.0,3170.0,7459.83544922
Luxembourg,2011,6.0,11.0,40.0,2.0,2.0,1.0,235.0,2721.0,7174.73925781
Luxembourg,2012,6.0,11.0,38.0,2.0,2.0,2.0,203.0,2361.0,6029.47460938
Luxembourg,2013,6.0,11.0,35.0,2.0,2.0,2.0,237.0,2896.0,6356.64453125
Luxembourg,2014,6.0,10.0,33.0,2.0,2.0,1.0,178.0,2176.0,6547.03466797
Luxembourg,2015,6.0,9.0,29.0,2.0,1.0,1.0,198.0,2284.0,5421.93212891
Luxembourg,2016,6.0,10.0,26.0,2.0,1.0,1.0,171.0,2035.0,5475.13964844
Luxembourg,2017,7.0,10.0,23.0,2.0,1.0,1.0,148.0,1738.0,5713.11865234
Luxembourg,2018,7.0,10.0,21.0,2.0,1.0,1.0,149.0,1698.0,6227.08398438
Luxembourg,2019,6.0,10.0,19.0,2.0,1.0,1.0,93.0,1051.0,6221.73876953
Luxembourg,2020,6.0,9.0,15.0,2.0,1.0,1.0,73.0,770.0,6785.86230469
Luxembourg,2021,6.0,10.0,14.0,2.0,1.0,1.0,76.0,857.0,7632.57275391
Luxembourg,2022,6.0,10.0,11.0,2.0,1.0,0.0,74.0,824.0,7022.62695313
Luxembourg,2023,6.0,9.0,10.0,2.0,1.0,0.0,66.0,743.0,7510.99414063
Malta,2005,2.0,4.0,10.0,1.0,1.0,12.0,348.0,3682.0,1378.2388916
Malta,2006,2.0,4.0,9.0,1.0,1.0,12.0,,,1480.1126709
Malta,2007,2.0,4.0,10.0,2.0,1.0,13.0,267.0,3129.0,1606.22094727
Malta,2008,2.0,4.0,10.0,1.0,1.0,10.0,226.0,2640.0,1759.8626709
Malta,2009,2.0,4.0,8.0,1.0,0.0,7.0,257.0,2883.0,1683.5435791
Malta,2010,2.0,3.0,9.0,1.0,1.0,8.0,187.0,2318.0,1735.48693848
Malta,2011,2.0,3.0,8.0,1.0,1.0,8.0,242.0,2793.0,1962.20556641
Malta,2012,2.0,3.0,9.0,1.0,1.0,8.0,180.0,2037.0,1898.50866699
Malta,2013,2.0,3.0,7.0,1.0,0.0,5.0,172.0,1958.0,2127.0612793
Malta,2014,2.0,3.0,7.0,1.0,1.0,5.0,159.0,1887.0,2466.89111328
Malta,2015,2.0,3.0,6.0,1.0,0.0,2.0,194.0,2142.0,2249.00463867
Malta,2016,2.0,3.0,5.0,1.0,0.0,2.0,149.0,1802.0,2326.67016602
Malta,2017,2.0,3.0,5.0,1.0,0.0,1.0,171.0,1949.0,2562.88574219
Malta,2018,2.0,3.0,4.0,1.0,0.0,0.0,193.0,2257.0,2759.91186523
Malta,2019,2.0,3.0,5.0,1.0,0.0,0.0,189.0,2194.0,2947.24023438
Malta,2020,2.0,3.0,4.0,1.0,0.0,0.0,149.0,1627.0,3140.77026367
Malta,2021,2.0,3.0,4.0,1.0,0.0,0.0,194.0,2189.0,3641.03833008
Malta,2022,2.0,3.0,5.0,1.0,0.0,0.0,169.0,1823.0,3362.42382813
Malta,2023,2.0,3.0,5.0,1.0,0.0,0.0,172.0,1925.0,3623.4609375
Netherlands,2005,155.0,268.0,432.0,42.0,28.0,68.0,11957.0,131008.0,3823.48095703
Netherlands,2006,158.0,263.0,421.0,41.0,28.0,68.0,,,4080.21972656
Netherlands,2007,154.0,265.0,397.0,40.0,26.0,64.0,10085.0,113374.0,4696.14160156
Netherlands,2008,142.0,259.0,384.0,38.0,24.0,53.0,11176.0,125322.0,5382.44580078
Netherlands,2009,137.0,259.0,343.0,35.0,22.0,40.0,11211.0,128007.0,5282.74316406
Netherlands,2010,134.0,272.0,346.0,36.0,22.0,36.0,11821.0,134042.0,5191.69384766
Netherlands,2011,132.0,267.0,333.0,34.0,20.0,35.0,11608.0,133101.0,5562.12109375
Netherlands,2012,128.0,263.0,314.0,33.0,19.0,35.0,8617.0,95230.0,5284.64990234
Netherlands,2013,124.0,262.0,299.0,33.0,19.0,31.0,9151.0,101100.0,5532.72607422
Netherlands,2014,128.0,246.0,276.0,31.0,18.0,31.0,8553.0,96144.0,5601.88574219
Netherlands,2015,129.0,256.0,271.0,31.0,18.0,31.0,7622.0,81837.0,4676.56201172
Netherlands,2016,131.0,253.0,259.0,31.0,17.0,29.0,6606.0,71114.0,4644.02099609
Netherlands,2017,133.0,255.0,252.0,30.0,17.0,27.0,6682.0,70586.0,4934.57519531
Netherlands,2018,132.0,248.0,250.0,30.0,16.0,25.0,7536.0,79191.0,5330.66015625
Netherlands,2019,125.0,244.0,237.0,28.0,16.0,23.0,6041.0,64689.0,5340.61279297
Netherlands,2020,125.0,253.0,209.0,27.0,14.0,20.0,4950.0,48878.0,5865.90527344
Netherlands,2021,123.0,240.0,204.0,27.0,14.0,21.0,5674.0,57891.0,6718.88964844
Netherlands,2022,120.0,240.0,192.0,26.0,14.0,20.0,5170.0,52445.0,5967.90429688
Netherlands,2023,116.0,238.0,184.0,26.0,14.0,18.0,3846.0,39745.0,6371.85595703
Norway,2005,33.0,254.0,208.0,60.0,40.0,23.0,1268.0,12804.0,5584.68896484
Norway,2006,33.0,224.0,208.0,58.0,38.0,21.0,,,5892.98730469
Norway,2007,33.0,216.0,212.0,60.0,39.0,19.0,1170.0,11602.0,6895.56005859
Norway,2008,33.0,181.0,205.0,58.0,37.0,20.0,990.0,9924.0,7768.05029297
Norway,2009,33.0,164.0,195.0,55.0,35.0,15.0,803.0,8122.0,7301.95996094
Norway,2010,32.0,169.0,200.0,58.0,38.0,19.0,1260.0,12823.0,7859.51611328
Norway,2011,32.0,157.0,197.0,56.0,35.0,18.0,1239.0,12529.0,8900.37207031
Norway,2012,32.0,155.0,193.0,56.0,35.0,17.0,827.0,8163.0,8970.11914063
Norway,2013,32.0,153.0,190.0,51.0,31.0,17.0,735.0,7435.0,9241.265625
Norway,2014,32.0,163.0,188.0,48.0,28.0,17.0,669.0,6809.0,9116.37792969
Norway,2015,32.0,158.0,180.0,48.0,28.0,17.0,415.0,4119.0,7566.56152344
Norway,2016,32.0,158.0,172.0,46.0,27.0,15.0,437.0,4400.0,7492.07666016
Norway,2017,32.0,158.0,166.0,46.0,27.0,15.0,289.0,2877.0,7815.78710938
Norway,2018,33.0,155.0,164.0,46.0,27.0,16.0,543.0,5446.0,8271.859375
Norway,2019,31.0,138.0,156.0,44.0,25.0,16.0,314.0,3198.0,8007.35546875
Norway,2020,31.0,152.0,146.0,44.0,26.0,15.0,151.0,1548.0,7824.57714844
Norway,2021,32.0,156.0,141.0,44.0,26.0,14.0,397.0,3962.0,9163.13867188
Norway,2022,31.0,147.0,133.0,45.0,27.0,14.0,337.0,3158.0,8692.57617188
Norway,2023,30.0,141.0,125.0,43.0,26.0,13.0,235.0,2367.0,8296.35546875
Poland,2005,345.0,848.0,839.0,446.0,323.0,1107.0,41401.0,507711.0,465.70019531
Poland,2006,351.0,910.0,850.0,475.0,346.0,1173.0,,,524.09747314
Poland,2007,359.0,886.0,841.0,450.0,325.0,1084.0,35628.0,444915.0,660.92468262
Poland,2008,348.0,953.0,814.0,455.0,332.0,851.0,39959.0,498906.0,892.59698486
Poland,2009,335.0,863.0,796.0,448.0,329.0,731.0,41601.0,512330.0,759.60577393
Poland,2010,325.0,828.0,820.0,481.0,360.0,801.0,51985.0,648818.0,809.19940186
Poland,2011,325.0,816.0,800.0,455.0,336.0,744.0,49141.0,624997.0,866.09466553
Poland,2012,316.0,795.0,766.0,461.0,339.0,713.0,46707.0,584124.0,815.1418457
Poland,2013,323.0,744.0,728.0,441.0,327.0,671.0,45089.0,559046.0,878.08837891
Poland,2014,318.0,733.0,678.0,409.0,300.0,625.0,44204.0,561272.0,911.29815674
Poland,2015,316.0,754.0,660.0,401.0,296.0,612.0,43327.0,529316.0,803.95965576
Poland,2016,318.0,752.0,661.0,412.0,305.0,487.0,40445.0,510434.0,816.08618164
Poland,2017,334.0,750.0,688.0,406.0,297.0,472.0,43758.0,531961.0,909.57818604
Poland,2018,344.0,779.0,664.0,480.0,372.0,447.0,45885.0,550607.0,978.73565674
Poland,2019,330.0,747.0,616.0,427.0,323.0,364.0,35147.0,429404.0,1014.03820801
Poland,2020,335.0,771.0,578.0,402.0,305.0,352.0,35837.0,388311.0,1025.98486328
Poland,2021,319.0,733.0,567.0,395.0,296.0,359.0,46504.0,485058.0,1183.30236816
Poland,2022,293.0,667.0,520.0,351.0,260.0,312.0,34151.0,384678.0,1219.29125977
Poland,2023,311.0,640.0,492.0,321.0,233.0,273.0,25265.0,302508.0,1577.98168945
Portugal,2005,57.0,208.0,278.0,75.0,58.0,189.0,9149.0,98494.0,1814.35449219
Portugal,2006,56.0,198.0,257.0,80.0,55.0,165.0,,,1857.64526367
Portugal,2007,57.0,192.0,247.0,70.0,53.0,157.0,6257.0,69239.0,2112.52880859
Portugal,2008,56.0,182.0,229.0,70.0,51.0,104.0,4274.0,46589.0,2391.98120117
Portugal,2009,54.0,168.0,217.0,68.0,49.0,72.0,5200.0,57219.0,2346.54199219
Portugal,2010,53.0,171.0,200.0,66.0,49.0,62.0,4061.0,43982.0,2259.30371094
Portugal,2011,53.0,162.0,183.0,73.0,50.0,57.0,4861.0,55145.0,2255.96923828
Portugal,2012,52.0,156.0,170.0,69.0,49.0,52.0,3688.0,39065.0,1976.91479492
Portugal,2013,51.0,157.0,166.0,62.0,48.0,48.0,3666.0,39104.0,2027.42089844
Portugal,2014,53.0,164.0,164.0,58.0,47.0,43.0,2639.0,28116.0,2056.61474609
Portugal,2015,54.0,163.0,166.0,58.0,47.0,45.0,3984.0,40679.0,1787.03759766
Portugal,2016,54.0,155.0,159.0,57.0,46.0,45.0,2949.0,30093.0,1870.31848145
Portugal,2017,55.0,156.0,162.0,58.0,47.0,46.0,3097.0,31776.0,1991.32263184
Portugal,2018,55.0,161.0,157.0,58.0,47.0,45.0,2710.0,27186.0,2206.71240234
Portugal,2019,57.0,162.0,152.0,59.0,46.0,44.0,2568.0,26278.0,2209.50219727
Portugal,2020,58.0,161.0,133.0,57.0,44.0,38.0,2688.0,26649.0,2328.35571289
Portugal,2021,58.0,159.0,135.0,59.0,46.0,39.0,2161.0,21549.0,2764.04296875
Portugal,2022,56.0,162.0,136.0,59.0,46.0,41.0,3659.0,35704.0,2600.56665039
Portugal,2023,56.0,161.0,135.0,57.0,44.0,41.0,2221.0,22894.0,2762.26293945
Romania,2005,185.0,342.0,333.0,158.0,121.0,604.0,41429.0,458914.0,254.52961731
Romania,2006,185.0,325.0,333.0,155.0,116.0,649.0,,,291.00408936
Romania,2007,188.0,311.0,314.0,155.0,114.0,517.0,32293.0,379652.0,415.06790161
Romania,2008,185.0,326.0,310.0,171.0,133.0,522.0,29498.0,363740.0,521.31561279
Romania,2009,181.0,299.0,262.0,160.0,126.0,442.0,26270.0,322087.0,449.37692261
Romania,2010,165.0,286.0,249.0,165.0,129.0,355.0,21814.0,255356.0,472.20751953
Romania,2011,166.0,271.0,259.0,156.0,119.0,327.0,29006.0,330718.0,426.59973145
Romania,2012,160.0,263.0,252.0,160.0,121.0,257.0,28091.0,311561.0,401.67105103
Romania,2013,163.0,258.0,231.0,150.0,114.0,208.0,22966.0,260196.0,495.23623657
Romania,2014,158.0,258.0,224.0,150.0,114.0,181.0,21891.0,246915.0,503.34753418
Romania,2015,164.0,253.0,222.0,144.0,109.0,149.0,23805.0,260422.0,442.24038696
Romania,2016,160.0,240.0,212.0,141.0,108.0,98.0,21151.0,239010.0,476.24505615
Romania,2017,159.0,240.0,221.0,142.0,110.0,78.0,23237.0,258798.0,555.11309814
Romania,2018,158.0,233.0,223.0,140.0,108.0,76.0,23047.0,257529.0,687.15411377
Romania,2019,156.0,235.0,220.0,145.0,109.0,86.0,18335.0,209639.0,738.5581665
Romania,2020,153.0,243.0,206.0,144.0,108.0,61.0,21436.0,224698.0,809.58880615
Romania,2021,155.0,241.0,214.0,151.0,114.0,66.0,21989.0,213622.0,963.01287842
Romania,2022,155.0,226.0,203.0,142.0,108.0,47.0,17901.0,184731.0,902.2677002
Romania,2023,155.0,215.0,195.0,134.0,100.0,28.0,14064.0,160028.0,1050.99755859
Slovakia,2005,29.0,137.0,106.0,45.0,36.0,88.0,6622.0,74422.0,601.31323242
Slovakia,2006,24.0,132.0,100.0,41.0,33.0,86.0,,,729.01324463
Slovakia,2007,25.0,126.0,99.0,36.0,28.0,70.0,5245.0,60753.0,1029.30029297
Slovakia,2008,24.0,122.0,100.0,33.0,26.0,69.0,5473.0,64249.0,1251.67724609
Slovakia,2009,23.0,113.0,90.0,31.0,23.0,64.0,5223.0,61587.0,1320.09301758
Slovakia,2010,23.0,113.0,88.0,33.0,26.0,69.0,5763.0,66427.0,1296.54284668
Slovakia,2011,23.0,111.0,81.0,31.0,24.0,69.0,6631.0,78677.0,1352.43835449
Slovakia,2012,24.0,108.0,77.0,32.0,25.0,58.0,5472.0,63147.0,1319.43823242
Slovakia,2013,25.0,103.0,69.0,30.0,23.0,53.0,5196.0,60854.0,1370.46765137
Slovakia,2014,27.0,86.0,67.0,23.0,16.0,46.0,4808.0,57705.0,1289.34851074
Slovakia,2015,26.0,100.0,68.0,29.0,21.0,68.0,5055.0,58934.0,1108.87817383
Slovakia,2016,27.0,100.0,64.0,27.0,21.0,28.0,4371.0,52292.0,1175.6270752
Slovakia,2017,29.0,98.0,64.0,27.0,21.0,29.0,4911.0,57394.0,1189.07983398
Slovakia,2018,29.0,90.0,63.0,23.0,17.0,22.0,4790.0,57247.0,1299.91125488
Slovakia,2019,28.0,87.0,59.0,24.0,17.0,17.0,3401.0,41818.0,1342.07580566
Slovakia,2020,26.0,85.0,56.0,24.0,17.0,15.0,3846.0,43627.0,1393.62438965
Slovakia,2021,25.0,83.0,59.0,23.0,16.0,16.0,5216.0,54360.0,1684.51550293
Slovakia,2022,24.0,80.0,55.0,22.0,16.0,13.0,3623.0,40447.0,1642.39208984
Slovakia,2023,25.0,76.0,51.0,19.0,13.0,14.0,2732.0,33239.0,1813.46618652
Slovenia,2005,18.0,48.0,55.0,21.0,16.0,40.0,2027.0,22832.0,1449.18920898
Slovenia,2006,19.0,46.0,55.0,19.0,15.0,17.0,,,1541.66430664
Slovenia,2007,19.0,46.0,54.0,21.0,16.0,14.0,1550.0,18404.0,1795.95043945
Slovenia,2008,18.0,44.0,58.0,20.0,16.0,12.0,1546.0,18558.0,2179.45239258
Slovenia,2009,18.0,40.0,48.0,17.0,14.0,10.0,1693.0,19987.0,2125.05688477
Slovenia,2010,17.0,39.0,48.0,18.0,15.0,10.0,1705.0,20348.0,2017.14660645
Slovenia,2011,17.0,37.0,47.0,18.0,15.0,11.0,1936.0,22734.0,2147.80517578
Slovenia,2012,17.0,36.0,45.0,17.0,14.0,11.0,1619.0,18815.0,1974.85400391
Slovenia,2013,16.0,35.0,43.0,16.0,14.0,10.0,1592.0,18481.0,2055.38134766
Slovenia,2014,16.0,32.0,39.0,14.0,12.0,8.0,1294.0,14853.0,2062.38476563
Slovenia,2015,16.0,32.0,35.0,15.0,13.0,5.0,1644.0,18568.0,1775.86071777
Slovenia,2016,17.0,33.0,35.0,15.0,13.0,5.0,1458.0,16297.0,1838.65405273
Slovenia,2017,16.0,32.0,34.0,15.0,12.0,5.0,1549.0,16930.0,1925.03466797
Slovenia,2018,16.0,31.0,33.0,13.0,11.0,5.0,1493.0,16432.0,2169.57885742
Slovenia,2019,16.0,31.0,29.0,13.0,11.0,4.0,1144.0,12513.0,2219.09790039
Slovenia,2020,16.0,32.0,25.0,13.0,10.0,4.0,1233.0,11478.0,2417.20874023
Slovenia,2021,16.0,31.0,26.0,15.0,11.0,4.0,1135.0,11723.0,2779.56591797
Slovenia,2022,15.0,29.0,26.0,14.0,10.0,3.0,1277.0,13275.0,2737.84936523
Slovenia,2023,15.0,28.0,24.0,13.0,9.0,3.0,1034.0,11163.0,3037.7644043
Spain,2005,522.0,738.0,1430.0,307.0,176.0,1230.0,31805.0,336247.0,2074.33081055
Spain,2006,522.0,686.0,1304.0,304.0,173.0,1076.0,,,2256.68066406
Spain,2007,535.0,689.0,1398.0,309.0,177.0,1070.0,29514.0,323935.0,2625.55664063
Spain,2008,468.0,627.0,1113.0,267.0,157.0,384.0,23042.0,254522.0,3019.7578125
Spain,2009,468.0,615.0,1085.0,267.0,168.0,307.0,23425.0,261545.0,2962.48266602
Spain,2010,476.0,591.0,945.0,253.0,161.0,244.0,18210.0,206154.0,2816.84350586
Spain,2011,465.0,588.0,1015.0,259.0,169.0,297.0,19718.0,222403.0,2938.18041992
Spain,2012,458.0,549.0,896.0,229.0,145.0,285.0,19482.0,210147.0,2620.84204102
Spain,2013,470.0,549.0,889.0,246.0,166.0,235.0,14752.0,166490.0,2664.48339844
Spain,2014,490.0,536.0,820.0,223.0,145.0,242.0,14508.0,162245.0,2716.5793457
Spain,2015,495.0,569.0,902.0,241.0,156.0,271.0,21466.0,223621.0,2383.85302734
Spain,2016,488.0,515.0,797.0,212.0,132.0,216.0,16918.0,183973.0,2378.13598633
Spain,2017,503.0,539.0,868.0,215.0,135.0,235.0,19536.0,204274.0,2564.55834961
Spain,2018,492.0,549.0,784.0,227.0,146.0,198.0,14727.0,154940.0,2784.16308594
Spain,2019,484.0,558.0,791.0,216.0,133.0,166.0,14292.0,155238.0,2756.62109375
Spain,2020,487.0,555.0,620.0,207.0,129.0,112.0,16384.0,152963.0,2942.41943359
Spain,2021,488.0,561.0,702.0,214.0,133.0,119.0,13899.0,145461.0,3188.8515625
Spain,2022,435.0,525.0,588.0,186.0,108.0,106.0,18312.0,181829.0,2948.61474609
Spain,2023,434.0,518.0,624.0,185.0,110.0,101.0,13315.0,140259.0,3106.62011719
Sweden,2005,60.0,205.0,191.0,73.0,32.0,34.0,3352.0,32055.0,3546.78686523
Sweden,2006,60.0,200.0,189.0,68.0,30.0,34.0,,,3755.67529297
Sweden,2007,59.0,206.0,184.0,70.0,29.0,31.0,3007.0,28515.0,4295.55224609
Sweden,2008,60.0,197.0,176.0,68.0,28.0,29.0,2445.0,23200.0,4609.91845703
Sweden,2009,56.0,182.0,163.0,66.0,26.0,26.0,1597.0,15427.0,4118.41650391
Sweden,2010,57.0,178.0,167.0,64.0,26.0,28.0,2038.0,19467.0,4391.1171875
Sweden,2011,57.0,176.0,160.0,65.0,26.0,25.0,2598.0,24771.0,6363.61474609
Sweden,2012,55.0,168.0,153.0,62.0,24.0,25.0,1548.0,14260.0,6280.82519531
Sweden,2013,57.0,161.0,150.0,63.0,23.0,22.0,778.0,7391.0,6716.21484375
Sweden,2014,57.0,157.0,149.0,59.0,20.0,20.0,1634.0,15774.0,6632.23681641
Sweden,2015,57.0,159.0,145.0,45.0,18.0,17.0,794.0,7482.0,5626.04833984
Sweden,2016,56.0,152.0,143.0,44.0,18.0,17.0,730.0,6973.0,5719.45996094
Sweden,2017,57.0,144.0,138.0,44.0,18.0,17.0,409.0,3809.0,5871.52294922
Sweden,2018,56.0,140.0,134.0,43.0,17.0,17.0,893.0,8401.0,6042.13525391
Sweden,2019,55.0,141.0,125.0,42.0,16.0,16.0,542.0,5304.0,5688.04492188
Sweden,2020,56.0,139.0,115.0,41.0,16.0,15.0,371.0,3325.0,6030.53271484
Sweden,2021,55.0,136.0,113.0,40.0,15.0,15.0,615.0,6077.0,6894.20166016
Sweden,2022,54.0,139.0,109.0,41.0,14.0,15.0,477.0,4536.0,6022.39257813
Sweden,2023,54.0,138.0,104.0,39.0,14.0,14.0,203.0,1969.0,6206.23046875
Switzerland,2005,60.0,114.0,94.0,22.0,14.0,14.0,4621.0,49044.0,5661.17431641
Switzerland,2006,60.0,111.0,93.0,21.0,13.0,13.0,,,5657.28222656
Switzerland,2007,61.0,108.0,92.0,20.0,12.0,12.0,3696.0,40219.0,6124.81445313
Switzerland,2008,60.0,105.0,92.0,20.0,12.0,12.0,4069.0,44008.0,7075.70751953
Switzerland,2009,58.0,102.0,87.0,19.0,11.0,10.0,4012.0,43336.0,7263.62695313
Switzerland,2010,58.0,98.0,85.0,19.0,11.0,10.0,4485.0,48840.0,7645.25732422
Switzerland,2011,57.0,94.0,80.0,18.0,10.0,8.0,4063.0,43825.0,9139.43066406
Switzerland,2012,56.0,91.0,81.0,18.0,10.0,8.0,3317.0,34483.0,8868.98144531
Switzerland,2013,56.0,88.0,81.0,17.0,9.0,8.0,3887.0,40290.0,9247.28417969
Switzerland,2014,56.0,84.0,77.0,16.0,8.0,7.0,2822.0,30038.0,9469.6640625
Switzerland,2015,55.0,80.0,73.0,16.0,8.0,6.0,3244.0,32809.0,9200.10058594
Switzerland,2016,55.0,78.0,71.0,16.0,8.0,5.0,2306.0,24607.0,9201.47460938
Switzerland,2017,55.0,77.0,67.0,16.0,8.0,5.0,2275.0,23462.0,9354.22070313
Switzerland,2018,54.0,75.0,64.0,15.0,7.0,5.0,2224.0,23299.0,9541.07421875
Switzerland,2019,54.0,74.0,60.0,15.0,7.0,4.0,1765.0,18346.0,9609.80273438
Switzerland,2020,53.0,72.0,52.0,14.0,7.0,4.0,1660.0,15173.0,10294.578125
Switzerland,2021,54.0,72.0,51.0,14.0,7.0,4.0,1633.0,16826.0,11197.76464844
Switzerland,2022,53.0,72.0,48.0,14.0,6.0,3.0,1849.0,18051.0,10930.13964844
Switzerland,2023,53.0,72.0,45.0,14.0,6.0,3.0,1357.0,13630.0,11783.66992188
